{
    "w1": {
        "w_0": [
            0.75154380782969155, 
            0.54885278706310714, 
            0.20053084662441667, 
            0.42739928922447107, 
            0.33519315236553127, 
            0.80736767649069063
        ], 
        "w_1": [
            0.64671053954709656, 
            0.90711061532359483, 
            0.98694090455541994, 
            0.93550575082028486, 
            0.73531433511639221, 
            0.66671976032907654
        ], 
        "w_2": [
            0.34103770001407085, 
            0.53174204433220018, 
            0.79351528476080624, 
            0.18426352272836954, 
            0.45204677137139437, 
            0.46214571289419115
        ], 
        "w_3": [
            0.51592603961395322, 
            0.24523444081219514, 
            0.55299817085477798, 
            0.63001401417839054, 
            0.81339325232063509, 
            0.80856187735050122
        ], 
        "w_4": [
            0.074487653544755728, 
            0.39750211586766326, 
            0.41503482418376314, 
            0.64697494602430872, 
            0.83637819924537027, 
            0.39578133653965619
        ], 
        "w_5": [
            0.81920383657530005, 
            0.25774369985683976, 
            0.1157391001294823, 
            0.64761391795967926, 
            0.41216617863572658, 
            0.73084996040848849
        ], 
        "w_6": [
            0.33052707168511763, 
            0.87393388393538052, 
            0.98566237057185524, 
            0.80942665084777965, 
            0.29112884526676119, 
            0.6344219565954291
        ]
    }, 
    "w2": {
        "w_0": [
            1.8115578184851413, 
            1.0468137047880248, 
            -0.23395600981019662, 
            0.18873441659667956, 
            0.19732050708162008, 
            1.302344485365305, 
            -0.30796408973726158, 
            0.76033910682398143, 
            54.935067949208353, 
            0.80925804203663565
        ], 
        "w_1": [
            1.162376027772567, 
            1.0358118259507454, 
            -0.34739421690495925, 
            0.71401844883714993, 
            -0.054809117671573475, 
            1.0481551938944391, 
            -0.47155346327404923, 
            1.1095806839680664, 
            54.54516783402908, 
            1.5658563359739275
        ], 
        "w_2": [
            1.1834661662123407, 
            1.442443039148716, 
            -0.20758003915240442, 
            0.23777235735187896, 
            0.25771548411705791, 
            1.711315351052447, 
            -0.074763500524388876, 
            0.34483546304888624, 
            55.023803370705977, 
            1.4536050691576337
        ], 
        "w_3": [
            2.0749751037191544, 
            1.2882301988592626, 
            0.015140105941285453, 
            0.055177800554558981, 
            0.094204769127791993, 
            1.7949371961660732, 
            -0.16546674677377282, 
            0.54759955697584228, 
            54.999226768331603, 
            1.3888766781901087
        ], 
        "w_4": [
            1.5462954229213957, 
            1.3165176691095573, 
            -0.53004083481803654, 
            0.072233143278616824, 
            0.20112820637313922, 
            1.2680767068449041, 
            -0.70474973006636876, 
            0.68439361854435166, 
            55.052874750248328, 
            1.4845837003030766
        ], 
        "w_5": [
            1.9635741474481845, 
            1.7617532995203902, 
            -0.15088225665735078, 
            0.34085552776074102, 
            0.27562652590999759, 
            0.85954546109480745, 
            -0.35539041532619647, 
            1.0669981553398342, 
            54.923810737946134, 
            1.0600823499458891
        ]
    }
}