{
    "w1": {
        "w_0": [
            0.75154380782969155, 
            0.54885278706310714, 
            0.20053084662441667, 
            0.42739928922447107, 
            0.33519315236553127, 
            0.80736767649069063
        ], 
        "w_1": [
            0.64671053954709656, 
            0.90711061532359483, 
            0.98694090455541994, 
            0.93550575082028486, 
            0.73531433511639221, 
            0.66671976032907654
        ], 
        "w_2": [
            0.34103770001407085, 
            0.53174204433220018, 
            0.79351528476080624, 
            0.18426352276244279, 
            0.45204677137139437, 
            0.46214571289419115
        ], 
        "w_3": [
            0.51592603961395322, 
            0.24523444081219514, 
            0.55299817085477798, 
            0.63001401417839054, 
            0.81339325232063509, 
            0.80856187735050122
        ], 
        "w_4": [
            0.074487653544755728, 
            0.39750211586766326, 
            0.41503482418376314, 
            0.64697494602430872, 
            0.83637819924537027, 
            0.39578133653965619
        ], 
        "w_5": [
            0.81920383657530005, 
            0.25774369985683976, 
            0.1157391001294823, 
            0.64761391795967926, 
            0.41216617863572658, 
            0.73084996040848849
        ], 
        "w_6": [
            0.33052707168511763, 
            0.87393388393538052, 
            0.98566237057185524, 
            0.80942665084777965, 
            0.29112884526676119, 
            0.6344219565954291
        ]
    }, 
    "w2": {
        "w_0": [
            1.6615578184851412, 
            0.95681370478802485, 
            -0.18395600981019658, 
            0.21873441659667958, 
            0.23732050708162011, 
            1.2323444853653049, 
            -0.20796408973726149, 
            0.78033910682398144, 
            49.965067949209256, 
            0.7492580420366356
        ], 
        "w_1": [
            1.0123760277725669, 
            0.94581182595074531, 
            -0.29739421690495921, 
            0.74401844883714996, 
            -0.014809117671573467, 
            0.97815519389443906, 
            -0.37155346327404914, 
            1.1295806839680664, 
            49.575167834029983, 
            1.5058563359739274
        ], 
        "w_2": [
            1.0334661662123406, 
            1.3524430391487159, 
            -0.15758003915240437, 
            0.26777235735187899, 
            0.29771548411705795, 
            1.641315351052447, 
            0.025236499475611129, 
            0.36483546304888625, 
            50.053803370706881, 
            1.3936050691576336
        ], 
        "w_3": [
            1.9249751037194278, 
            1.1982301988594264, 
            0.065140105941195292, 
            0.085177800554505578, 
            0.13420476912772017, 
            1.7249371961662006, 
            -0.065466746773953574, 
            0.567599556975807, 
            50.02922676833974, 
            1.3288766781902179
        ], 
        "w_4": [
            1.3962954229213955, 
            1.2265176691095572, 
            -0.4800408348180365, 
            0.10223314327861681, 
            0.24112820637313925, 
            1.1980767068449041, 
            -0.60474973006636867, 
            0.70439361854435167, 
            50.082874750249232, 
            1.4245837003030766
        ], 
        "w_5": [
            1.8135741474481843, 
            1.6717532995203901, 
            -0.10088225665735077, 
            0.37085552776074104, 
            0.31562652590999762, 
            0.78954546109480739, 
            -0.25539041532619638, 
            1.0869981553398342, 
            49.953810737947038, 
            1.0000823499458891
        ]
    }
}