{
    "w1": {
        "w_0": [
            0.74617498100657698, 
            0.16257782651543695, 
            0.73936721939034389, 
            0.53448315853235273, 
            0.013579864662573882, 
            0.94518245989461358
        ], 
        "w_1": [
            0.040347189025969898, 
            0.79464206733922371, 
            0.49368046044994585, 
            0.81635134799599263, 
            0.016101244297873518, 
            0.60613891674716447
        ], 
        "w_2": [
            0.69415480467080493, 
            0.95440376722006848, 
            0.72780822028044712, 
            0.68140187200456637, 
            0.60295499686109288, 
            0.49310621423601619
        ], 
        "w_3": [
            0.16442228221979172, 
            0.64191449599730055, 
            0.16749905705740065, 
            0.92166517499492695, 
            0.35959583441016651, 
            0.73966106451490521
        ], 
        "w_4": [
            0.91425311910860718, 
            0.71889327486641885, 
            0.6738440228225735, 
            0.2018714163482096, 
            0.75742121644380667, 
            0.61652117381197102
        ], 
        "w_5": [
            0.96836177102621024, 
            0.096270427073287146, 
            0.20418851690620365, 
            0.257589691512355, 
            0.98593266405801316, 
            0.12740626511505992
        ], 
        "w_6": [
            0.23841277135881289, 
            0.99589138867751459, 
            0.27537101480174431, 
            0.213088612934347, 
            0.51335507090641297, 
            0.40849730612847757
        ]
    }, 
    "w2": {
        "w_0": [
            0.83016478405687244, 
            0.93592670120217447, 
            0.91311552812209951, 
            0.94441691089688951, 
            0.8135835839395944, 
            0.91872297923056212, 
            0.37292124025842655, 
            0.14097483393390287, 
            0.37902561359587461, 
            0.042079932916060825
        ], 
        "w_1": [
            0.39677686350399932, 
            0.16494779287633921, 
            0.72993176674326776, 
            0.18233547625105662, 
            0.47369584385519858, 
            0.86899430593467664, 
            0.013626523673211377, 
            0.31209302521351523, 
            0.58563884937500843, 
            0.98499228120064819
        ], 
        "w_2": [
            0.49987843463619552, 
            0.1217421082456841, 
            0.50550842334973067, 
            0.86498642794235303, 
            0.25609864276509808, 
            0.3062136703943048, 
            0.82592983825577315, 
            0.12611691034396133, 
            0.45863993291272587, 
            0.61592781158088017
        ], 
        "w_3": [
            0.5003844613950682, 
            0.20615684774097143, 
            0.96400086578669564, 
            0.094330157475182586, 
            0.32190521831141705, 
            0.64757086556983867, 
            0.56440732475244004, 
            0.2298915797309391, 
            0.18358466201440737, 
            0.1699766559010093
        ], 
        "w_4": [
            0.8847344558229191, 
            0.87757050786846802, 
            0.096720518210424822, 
            0.87621741345198023, 
            0.0088634237226957735, 
            0.88720859690009934, 
            0.094604935341169427, 
            0.91786698931370869, 
            0.47318760083118871, 
            0.44854682119551281
        ], 
        "w_5": [
            0.28447252010304369, 
            0.42466986051419442, 
            0.47370959572863514, 
            0.35851840317382511, 
            0.58832519341424572, 
            0.83873587453201337, 
            0.19127293149565094, 
            0.78576338745311192, 
            0.75104017012557234, 
            0.15907995403174358
        ]
    }
}